name,class,x_center_image,y_center_image,width,height
0,11,0.5841911764705882,0.535625,0.030147058823529412,0.04375
1,40,0.7378676470588235,0.5125,0.030147058823529412,0.055
1,38,0.3044117647058823,0.65375,0.041176470588235294,0.0725
1,13,0.736764705882353,0.453125,0.04264705882352941,0.06875
2,39,0.6977941176470588,0.6675,0.0838235294117647,0.145
3,4,0.5540441176470587,0.568125,0.016911764705882352,0.02875
3,9,0.5536764705882352,0.596875,0.016176470588235296,0.02875
3,21,0.5536764705882352,0.534375,0.023529411764705882,0.03875
4,21,0.6856617647058824,0.469375,0.05073529411764706,0.08375
4,2,0.6841911764705882,0.54125,0.03602941176470588,0.065
5,9,0.9029411764705882,0.27625,0.08235294117647059,0.1425
6,2,0.7040441176470589,0.4775,0.04632352941176471,0.08
7,9,0.6209558823529411,0.531875,0.028676470588235293,0.04875
8,2,0.5867647058823529,0.5912499999999999,0.01911764705882353,0.0325
8,12,0.5863970588235293,0.553125,0.027205882352941177,0.04625
9,4,0.6889705882352941,0.5975,0.01764705882352941,0.03
10,12,0.9051470588235294,0.49625,0.05588235294117647,0.0975
11,1,0.5477941176470589,0.45999999999999996,0.03676470588235294,0.075
11,21,0.5477941176470589,0.379375,0.051470588235294115,0.09625
12,1,0.7400735294117647,0.48875,0.04044117647058824,0.0675
13,2,0.7952205882352942,0.398125,0.05661764705882353,0.09375
14,21,0.5308823529411765,0.626875,0.014705882352941176,0.02375
15,25,0.5801470588235293,0.5549999999999999,0.027941176470588237,0.045
16,12,0.6838235294117647,0.561875,0.04264705882352941,0.07125
17,30,0.7128676470588234,0.44375,0.09044117647058823,0.1325
17,11,0.43125,0.63125,0.016911764705882352,0.025
18,4,0.7099264705882352,0.588125,0.022794117647058822,0.03875
19,12,0.6375000000000001,0.49250000000000005,0.04264705882352941,0.07
19,2,0.6371323529411765,0.555,0.03161764705882353,0.0525
20,23,0.620220588235294,0.556875,0.027205882352941177,0.04375
21,27,0.6257352941176471,0.515625,0.03823529411764706,0.06125
22,27,0.49963235294117647,0.605625,0.01838235294117647,0.03125
23,1,0.7617647058823529,0.414375,0.05588235294117647,0.09875
23,23,0.06691176470588235,0.49624999999999997,0.0661764705882353,0.1175
23,23,0.7172794117647059,0.579375,0.04485294117647059,0.07125
24,13,0.09375,0.5968749999999999,0.022794117647058822,0.03625
25,13,0.5525735294117646,0.5506249999999999,0.030147058823529412,0.04625
25,40,0.5518382352941176,0.6,0.02426470588235294,0.0425
26,1,0.3474264705882353,0.5387500000000001,0.028676470588235293,0.05
27,2,0.7327205882352942,0.516875,0.04044117647058824,0.06875
27,2,0.09522058823529411,0.503125,0.04044117647058824,0.06875
28,25,0.5911764705882353,0.5325,0.04264705882352941,0.0675
28,35,0.29705882352941176,0.60125,0.01911764705882353,0.0325
29,15,0.8176470588235294,0.5181250000000001,0.030882352941176472,0.05375
30,38,0.299264705882353,0.655,0.01911764705882353,0.0325
31,25,0.5790441176470589,0.561875,0.03602941176470588,0.05875
31,12,0.45036764705882354,0.59,0.022794117647058822,0.04
32,13,0.5091911764705882,0.57,0.021323529411764706,0.0325
32,33,0.5095588235294117,0.6012500000000001,0.014705882352941176,0.03
33,38,0.04044117647058824,0.6725,0.04852941176470588,0.0825
34,28,0.6488970588235293,0.55625,0.02426470588235294,0.0375
35,38,0.20808823529411766,0.618125,0.027941176470588237,0.04875
35,13,0.5117647058823529,0.5706249999999999,0.026470588235294117,0.04375
36,12,0.8444852941176471,0.510625,0.022794117647058822,0.03875
36,35,0.8459558823529412,0.54625,0.01838235294117647,0.0325
37,38,0.49926470588235294,0.671875,0.016176470588235296,0.02625
38,12,0.8316176470588235,0.5675,0.016176470588235296,0.025
39,12,0.7205882352941176,0.26125,0.061764705882352944,0.105
39,35,0.7235294117647059,0.353125,0.045588235294117645,0.07625
40,33,0.7977941176470588,0.44375000000000003,0.0661764705882353,0.1125
40,13,0.7933823529411764,0.321875,0.09117647058823529,0.13875
41,38,0.7455882352941176,0.625625,0.025,0.04125
42,18,0.7025735294117648,0.42125,0.05808823529411765,0.0925
43,12,0.7841911764705882,0.408125,0.04485294117647059,0.07625
43,36,0.7863970588235295,0.474375,0.03308823529411765,0.05625
43,35,0.09301470588235294,0.5775,0.02426470588235294,0.045
44,12,0.5639705882352941,0.5225000000000001,0.022058823529411766,0.0375
45,38,0.1536764705882353,0.688125,0.045588235294117645,0.11625
46,12,0.8128676470588235,0.233125,0.08897058823529412,0.15125
47,26,0.4161764705882353,0.59375,0.01911764705882353,0.0325
48,40,0.5849264705882352,0.573125,0.022794117647058822,0.03875
48,13,0.5830882352941177,0.53,0.03235294117647059,0.0475
48,38,0.2650735294117647,0.6781250000000001,0.028676470588235293,0.04875
49,37,0.7419117647058823,0.516875,0.023529411764705882,0.04125
49,12,0.7400735294117646,0.469375,0.03161764705882353,0.05375
50,34,0.7033088235294117,0.483125,0.015441176470588236,0.03375
50,13,0.7033088235294117,0.444375,0.022794117647058822,0.04125
51,12,0.7371323529411765,0.31562500000000004,0.05073529411764706,0.08625
52,36,0.6261029411764706,0.463125,0.027205882352941177,0.04625
52,12,0.6279411764705883,0.3825,0.03676470588235294,0.0625
53,15,0.8647058823529411,0.440625,0.029411764705882353,0.04875
53,35,0.5753676470588235,0.568125,0.02426470588235294,0.04125
54,27,0.832720588235294,0.568125,0.028676470588235293,0.04625
54,0,0.831985294117647,0.609375,0.021323529411764706,0.03625
54,12,0.7253676470588235,0.568125,0.01838235294117647,0.03125
54,38,0.34264705882352936,0.6625,0.014705882352941176,0.025
55,25,0.5327205882352942,0.5425,0.03308823529411765,0.0525
56,1,0.5474264705882352,0.5643750000000001,0.022794117647058822,0.03875
57,1,0.7448529411764706,0.553125,0.033823529411764704,0.06125
58,12,0.5919117647058822,0.518125,0.027941176470588237,0.05125
59,12,0.605514705882353,0.538125,0.04485294117647059,0.07625
60,38,0.2275735294117647,0.651875,0.019852941176470587,0.03375
60,2,0.6106617647058823,0.565625,0.016911764705882352,0.02875
61,2,0.9224264705882353,0.45437500000000003,0.04485294117647059,0.07625
62,12,0.6154411764705882,0.6006250000000001,0.016176470588235296,0.02875
63,9,0.6073529411764705,0.6375000000000001,0.016176470588235296,0.0275
64,2,0.5860294117647058,0.573125,0.016176470588235296,0.02875
65,9,0.7334558823529412,0.5025,0.03602941176470588,0.0625
66,38,0.4363970588235294,0.63625,0.03602941176470588,0.065
67,9,0.7088235294117646,0.5625,0.022058823529411766,0.0375
68,13,0.6327205882352941,0.5856250000000001,0.016911764705882352,0.02625
69,2,0.6084558823529411,0.586875,0.015441176470588236,0.02625
70,23,0.725,0.420625,0.058823529411764705,0.09125
71,24,0.5941176470588235,0.56875,0.029411764705882353,0.045
71,1,0.5941176470588235,0.61,0.020588235294117647,0.035
71,9,0.59375,0.645,0.019852941176470587,0.0325
72,4,0.6227941176470588,0.58375,0.016176470588235296,0.0275
73,23,0.5422794117647058,0.5549999999999999,0.021323529411764706,0.0325
73,2,0.5422794117647058,0.58375,0.015441176470588236,0.025
73,9,0.5426470588235294,0.608125,0.016176470588235296,0.02625
73,23,0.3238970588235294,0.551875,0.022794117647058822,0.03375
73,2,0.32426470588235295,0.5800000000000001,0.016176470588235296,0.0275
73,9,0.32499999999999996,0.60625,0.014705882352941176,0.025
74,38,0.29558823529411765,0.6849999999999999,0.027941176470588237,0.0525
74,14,0.3408088235294118,0.533125,0.03602941176470588,0.06375
74,14,0.7022058823529412,0.505625,0.03823529411764706,0.06625
75,23,0.8481617647058823,0.474375,0.04926470588235294,0.07375
75,4,0.849264705882353,0.540625,0.03529411764705882,0.05875
76,21,0.5893382352941176,0.5700000000000001,0.025735294117647058,0.04
76,2,0.5897058823529412,0.60375,0.01911764705882353,0.03
77,20,0.7227941176470588,0.4725,0.047058823529411764,0.075
77,9,0.7253676470588236,0.539375,0.03602941176470588,0.05875
78,29,0.9301470588235293,0.319375,0.07941176470588235,0.12375
78,13,0.5959558823529412,0.5906250000000001,0.015441176470588236,0.02625
79,11,0.5713235294117647,0.5925,0.022058823529411766,0.0375
80,9,0.6283088235294119,0.508125,0.0375,0.06375
81,13,0.7389705882352942,0.329375,0.057352941176470586,0.08875
81,38,0.17720588235294119,0.6375000000000001,0.011764705882352941,0.0275
82,38,0.2125,0.67,0.061764705882352944,0.11
83,13,0.8110294117647059,0.315,0.07205882352941176,0.11
83,40,0.8136029411764706,0.415625,0.05220588235294118,0.08875
84,38,0.5297794117647059,0.67125,0.019852941176470587,0.035
85,1,0.6327205882352941,0.554375,0.021323529411764706,0.03625
86,12,0.7172794117647059,0.411875,0.04632352941176471,0.07875
87,6,0.6830882352941176,0.5656249999999999,0.025,0.04375
87,6,0.23750000000000002,0.548125,0.025,0.04375
88,10,0.7124999999999999,0.59625,0.01911764705882353,0.0325
88,10,0.3110294117647059,0.59625,0.01911764705882353,0.0325
88,8,0.31176470588235294,0.5650000000000001,0.01764705882352941,0.03
88,8,0.7121323529411764,0.5650000000000001,0.01838235294117647,0.03
89,5,0.7643382352941176,0.56625,0.021323529411764706,0.0375
89,5,0.4757352941176471,0.5756249999999999,0.01911764705882353,0.03375
90,13,0.7253676470588235,0.5575,0.030147058823529412,0.045
91,13,0.6499999999999999,0.5712499999999999,0.022058823529411766,0.035
91,13,0.7911764705882353,0.494375,0.029411764705882353,0.04625
91,13,0.39044117647058824,0.5025,0.03235294117647059,0.05
92,13,0.5356617647058823,0.5637500000000001,0.015441176470588236,0.0275
92,12,0.31875000000000003,0.540625,0.019852941176470587,0.03375
92,35,0.31875,0.5743750000000001,0.015441176470588236,0.02625
93,1,0.26580882352941176,0.520625,0.025735294117647058,0.04875
93,1,0.806985294117647,0.455,0.03161764705882353,0.0625
94,16,0.7136029411764706,0.49312500000000004,0.03602941176470588,0.06125
94,16,0.11102941176470588,0.4425,0.05588235294117647,0.095
95,1,0.5209558823529411,0.58875,0.015441176470588236,0.025
95,19,0.5213235294117646,0.56125,0.020588235294117647,0.03
96,17,0.5283088235294117,0.519375,0.028676470588235293,0.04875
96,17,0.8514705882352941,0.5487500000000001,0.026470588235294117,0.0475
97,13,0.8430147058823529,0.4475,0.03161764705882353,0.05
97,13,0.2286764705882353,0.435,0.033823529411764704,0.05
97,38,0.1264705882352941,0.590625,0.03529411764705882,0.06625
98,13,0.9198529411764705,0.354375,0.0661764705882353,0.09875
98,13,0.46397058823529413,0.399375,0.054411764705882354,0.08375
99,20,0.6849264705882352,0.6425000000000001,0.03161764705882353,0.0475
100,30,0.3176470588235294,0.655,0.027941176470588237,0.0425
100,30,0.6488970588235293,0.653125,0.028676470588235293,0.04375
101,5,0.6345588235294118,0.541875,0.041176470588235294,0.06875
102,13,0.7069852941176471,0.424375,0.04191176470588235,0.06375
102,34,0.7091911764705882,0.49312500000000004,0.028676470588235293,0.05125
103,36,0.6415441176470588,0.516875,0.025735294117647058,0.04375
103,12,0.6411764705882353,0.46625000000000005,0.03676470588235294,0.06
104,25,0.5790441176470588,0.600625,0.030147058823529412,0.04625
104,13,0.5238970588235293,0.5956250000000001,0.025735294117647058,0.03875
105,18,0.20551470588235293,0.57625,0.03455882352941177,0.0575
105,26,0.7286764705882354,0.51125,0.04852941176470588,0.0775
106,25,0.69375,0.5075,0.06102941176470588,0.0925
107,25,0.37720588235294117,0.6387499999999999,0.039705882352941174,0.065
107,1,0.37463235294117647,0.6950000000000001,0.028676470588235293,0.05
109,3,0.738970588235294,0.6231249999999999,0.022058823529411766,0.03625
110,9,0.6922794117647059,0.62625,0.01838235294117647,0.03
111,3,0.8139705882352941,0.6012500000000001,0.023529411764705882,0.04
111,3,0.2691176470588235,0.64875,0.023529411764705882,0.04
112,3,0.28125,0.613125,0.02426470588235294,0.04375
112,3,0.8863970588235294,0.618125,0.028676470588235293,0.04875
113,10,0.2830882352941177,0.558125,0.05,0.08375
114,3,0.8823529411764707,0.565625,0.045588235294117645,0.07875
115,14,0.6617647058823529,0.33437500000000003,0.07352941176470588,0.12375
115,38,0.25036764705882353,0.6675000000000001,0.015441176470588236,0.0275
116,35,0.8139705882352941,0.35375,0.04264705882352941,0.0725
116,17,0.2878676470588235,0.609375,0.0125,0.03625
117,17,0.08455882352941177,0.556875,0.023529411764705882,0.05125
117,38,0.34338235294117647,0.66125,0.04264705882352941,0.0725
118,38,0.18897058823529414,0.668125,0.041176470588235294,0.07375
119,23,0.6323529411764706,0.605,0.01911764705882353,0.03
119,12,0.8095588235294117,0.515,0.027941176470588237,0.0475
120,2,0.08161764705882353,0.36750000000000005,0.07794117647058824,0.1275
121,7,0.10147058823529412,0.4525,0.06911764705882353,0.135
122,7,0.37536764705882353,0.63375,0.015441176470588236,0.0275
122,7,0.6569852941176471,0.6362500000000001,0.015441176470588236,0.0275
123,7,0.39301470588235293,0.635,0.022794117647058822,0.04
123,7,0.8213235294117647,0.624375,0.023529411764705882,0.04125
124,4,0.4007352941176471,0.6174999999999999,0.01911764705882353,0.0325
124,4,0.7272058823529411,0.60375,0.01911764705882353,0.0325
125,2,0.78125,0.44625,0.06397058823529411,0.11
126,2,0.6279411764705882,0.48625,0.020588235294117647,0.0375
126,2,0.29044117647058826,0.47562499999999996,0.023529411764705882,0.03875
127,5,0.11507352941176471,0.505,0.027205882352941177,0.0475
127,5,0.7555147058823529,0.498125,0.027205882352941177,0.04625
128,12,0.8555147058823529,0.5175000000000001,0.02426470588235294,0.0425
129,9,0.724264705882353,0.503125,0.033823529411764704,0.05875
129,26,0.6511029411764705,0.52375,0.028676470588235293,0.05
130,1,0.1636029411764706,0.549375,0.019852941176470587,0.03375
130,1,0.4511029411764706,0.554375,0.01838235294117647,0.03125
130,18,0.24375,0.5662499999999999,0.019852941176470587,0.035
131,9,0.7514705882352941,0.553125,0.01764705882352941,0.03125
131,1,0.35808823529411765,0.5025000000000001,0.01911764705882353,0.0325
132,18,0.2599264705882353,0.426875,0.05808823529411765,0.08875
133,12,0.625,0.525,0.016176470588235296,0.03
133,36,0.6246323529411765,0.55125,0.0125,0.0225
133,35,0.3775735294117647,0.529375,0.0125,0.02125
134,1,0.7650735294117648,0.41500000000000004,0.04779411764705882,0.0825
135,1,0.5496323529411765,0.40875,0.04338235294117647,0.0725
136,11,0.6150735294117646,0.5237499999999999,0.030147058823529412,0.045
137,11,0.6308823529411764,0.4425,0.05,0.075
138,15,0.14411764705882354,0.279375,0.057352941176470586,0.11125
138,15,0.9698529411764706,0.519375,0.025,0.04125
140,14,0.19191176470588234,0.6081249999999999,0.020588235294117647,0.03625
141,2,0.6437499999999999,0.496875,0.027205882352941177,0.04625
142,2,0.606985294117647,0.579375,0.013970588235294118,0.02375
143,12,0.2025735294117647,0.276875,0.05073529411764706,0.08625
144,4,0.5275735294117647,0.568125,0.013970588235294118,0.02375
146,41,0.9308823529411764,0.22999999999999998,0.08970588235294118,0.155
146,28,0.5290441176470588,0.51875,0.01838235294117647,0.0275
146,2,0.5294117647058824,0.5449999999999999,0.013235294117647059,0.0225
147,20,0.5639705882352941,0.544375,0.025,0.04125
148,30,0.667279411764706,0.48062499999999997,0.05220588235294118,0.07875
149,4,0.8647058823529412,0.39687500000000003,0.0661764705882353,0.10875
149,12,0.8606617647058823,0.26937500000000003,0.08897058823529412,0.14375
149,12,0.525,0.5900000000000001,0.016176470588235296,0.0275
150,2,0.6209558823529411,0.45687500000000003,0.030147058823529412,0.05125
151,1,0.5948529411764706,0.483125,0.022058823529411766,0.03625
152,12,0.45294117647058824,0.544375,0.016176470588235296,0.02875
153,35,0.23713235294117646,0.530625,0.022794117647058822,0.03875
154,35,0.5180147058823529,0.5287499999999999,0.01838235294117647,0.0325
155,38,0.32830882352941176,0.510625,0.03161764705882353,0.05625
156,9,0.6128676470588235,0.5031249999999999,0.021323529411764706,0.03625
157,9,0.20551470588235296,0.551875,0.025735294117647058,0.04625
157,9,0.6658088235294117,0.515,0.030147058823529412,0.05
157,38,0.4856617647058824,0.644375,0.015441176470588236,0.02625
158,41,0.676470588235294,0.53375,0.01911764705882353,0.0325
159,39,0.7371323529411765,0.593125,0.04191176470588235,0.07875
159,39,0.5341911764705882,0.611875,0.019852941176470587,0.03375
159,38,0.07463235294117647,0.6106250000000001,0.022794117647058822,0.03875
159,38,0.6643382352941176,0.606875,0.019852941176470587,0.04875
160,25,0.46433823529411766,0.51,0.03161764705882353,0.05
161,34,0.5338235294117647,0.566875,0.013235294117647059,0.02125
162,17,0.1860294117647059,0.54875,0.013235294117647059,0.0225
162,17,0.53125,0.553125,0.013970588235294118,0.02375
162,17,0.40661764705882353,0.56625,0.013235294117647059,0.0225
163,38,0.5801470588235295,0.6362500000000001,0.052941176470588235,0.09
164,26,0.6588235294117648,0.494375,0.03235294117647059,0.05125
165,1,0.28713235294117645,0.526875,0.0125,0.02375
165,11,0.5272058823529412,0.395,0.041176470588235294,0.06
166,1,0.6110294117647058,0.49874999999999997,0.025,0.0425
167,2,0.2797794117647059,0.571875,0.016911764705882352,0.02875
167,2,0.54375,0.555,0.015441176470588236,0.0275
168,18,0.5191176470588235,0.5381250000000001,0.01911764705882353,0.02875
169,2,0.8459558823529412,0.268125,0.09044117647058823,0.15375
170,4,0.6823529411764705,0.42500000000000004,0.023529411764705882,0.045
171,4,0.6669117647058824,0.45,0.03676470588235294,0.0625
171,9,0.667279411764706,0.51125,0.03602941176470588,0.06
172,25,0.5338235294117647,0.60375,0.020588235294117647,0.03
172,1,0.5349264705882353,0.5343749999999999,0.013970588235294118,0.02375
173,1,0.8352941176470589,0.38,0.03676470588235294,0.0625
174,28,0.5408088235294117,0.535625,0.025735294117647058,0.03875
174,2,0.5404411764705882,0.56875,0.01764705882352941,0.03
174,12,0.6106617647058824,0.41625,0.04338235294117647,0.0775
175,9,0.6753676470588236,0.460625,0.0375,0.06875
176,2,0.6341911764705882,0.53375,0.01838235294117647,0.0325
177,14,0.2147058823529412,0.54625,0.030882352941176472,0.0525
177,14,0.5628676470588235,0.5531250000000001,0.028676470588235293,0.04875
177,38,0.37536764705882353,0.574375,0.0125,0.02125
177,13,0.9481617647058823,0.5243749999999999,0.027205882352941177,0.04375
178,2,0.5426470588235294,0.5824999999999999,0.014705882352941176,0.025
179,12,0.5121323529411764,0.538125,0.015441176470588236,0.02375
180,2,0.725,0.5031249999999999,0.026470588235294117,0.04625
181,4,0.6051470588235295,0.41125,0.04411764705882353,0.075
182,2,0.49301470588235297,0.533125,0.021323529411764706,0.03625
182,41,0.49411764705882355,0.499375,0.020588235294117647,0.03625
183,19,0.5779411764705882,0.484375,0.029411764705882353,0.04625
184,1,0.6029411764705883,0.379375,0.04411764705882353,0.07625
185,2,0.7511029411764706,0.254375,0.08014705882352942,0.13375
186,4,0.44999999999999996,0.580625,0.013235294117647059,0.02375
186,4,0.24632352941176472,0.5475,0.014705882352941176,0.025
186,12,0.4511029411764706,0.555625,0.016911764705882352,0.02875
187,2,0.5088235294117647,0.5275,0.025,0.0425
187,2,0.13051470588235295,0.513125,0.02426470588235294,0.04375
188,11,0.5356617647058824,0.500625,0.03455882352941177,0.05375
189,18,0.6507352941176471,0.458125,0.047058823529411764,0.06875
190,35,0.49963235294117647,0.513125,0.013970588235294118,0.02625
191,11,0.5224264705882352,0.528125,0.025735294117647058,0.04125
192,17,0.37058823529411766,0.531875,0.01764705882352941,0.02875
192,1,0.23823529411764707,0.5631250000000001,0.014705882352941176,0.02625
192,12,0.5147058823529411,0.375625,0.05588235294117647,0.09625
193,14,0.5738970588235294,0.34687500000000004,0.07867647058823529,0.13375
194,28,0.5533088235294118,0.421875,0.05073529411764706,0.07875
195,11,0.8091911764705881,0.264375,0.08897058823529412,0.14125
195,18,0.5897058823529411,0.5175,0.026470588235294117,0.04
196,13,0.55625,0.42875,0.04485294117647059,0.0675
196,33,0.5558823529411765,0.49125,0.03235294117647059,0.0575
196,38,0.40147058823529413,0.604375,0.01764705882352941,0.03125
197,11,0.6702205882352941,0.399375,0.06544117647058824,0.10375
198,36,0.5073529411764706,0.55875,0.013235294117647059,0.0225
198,14,0.5073529411764706,0.529375,0.01764705882352941,0.02875
199,11,0.6279411764705882,0.43500000000000005,0.041176470588235294,0.065
200,14,0.6452205882352942,0.406875,0.05514705882352941,0.09625
200,34,0.6433823529411765,0.48750000000000004,0.03823529411764706,0.065
200,17,0.48455882352941176,0.526875,0.016176470588235296,0.02875
200,17,0.19779411764705881,0.519375,0.01764705882352941,0.03125
201,13,0.5786764705882353,0.468125,0.03676470588235294,0.05625
202,14,0.49963235294117647,0.4275,0.03308823529411765,0.0575
202,14,0.058823529411764705,0.42374999999999996,0.03529411764705882,0.06
203,0,0.5669117647058823,0.484375,0.01911764705882353,0.03125
204,1,0.663235294117647,0.245625,0.06470588235294118,0.11375
204,34,0.55625,0.36,0.03897058823529412,0.07
205,25,0.9294117647058823,0.488125,0.09117647058823529,0.14625
206,34,0.07205882352941176,0.176875,0.054411764705882354,0.09125
206,33,0.8761029411764706,0.28625,0.04779411764705882,0.08
206,38,0.6154411764705882,0.6025,0.014705882352941176,0.0275
206,13,0.08051470588235295,0.06937499999999999,0.08014705882352942,0.11875
206,13,0.8746323529411765,0.19624999999999998,0.06691176470588235,0.0975
207,25,0.6661764705882353,0.431875,0.052941176470588235,0.08125
208,18,0.5036764705882353,0.34875,0.06911764705882353,0.1
209,33,0.8382352941176471,0.39687500000000003,0.04411764705882353,0.07625
209,13,0.8386029411764706,0.31062500000000004,0.06397058823529411,0.09625
210,35,0.7555147058823529,0.538125,0.015441176470588236,0.03125
210,12,0.7551470588235294,0.501875,0.023529411764705882,0.04125
211,11,0.5044117647058823,0.5343749999999999,0.027941176470588237,0.04375
212,34,0.2235294117647059,0.548125,0.016176470588235296,0.02875
212,12,0.5404411764705882,0.49312500000000004,0.020588235294117647,0.03375
212,33,0.5654411764705882,0.5199999999999999,0.01911764705882353,0.035
214,14,0.9117647058823529,0.22875,0.08088235294117647,0.1325
214,33,0.9198529411764707,0.345625,0.054411764705882354,0.08875
215,39,0.5838235294117646,0.6124999999999999,0.014705882352941176,0.025
216,5,0.23860294117647057,0.568125,0.01838235294117647,0.03125
216,5,0.6606617647058823,0.57375,0.01838235294117647,0.0325
217,1,0.7360294117647059,0.371875,0.04411764705882353,0.07625
218,33,0.6011029411764706,0.558125,0.013970588235294118,0.02375
219,13,0.8216911764705882,0.38125000000000003,0.05514705882352941,0.0875
219,33,0.8209558823529413,0.46625000000000005,0.04044117647058824,0.07
220,1,0.84375,0.381875,0.030147058823529412,0.05125
221,26,0.7463235294117647,0.55625,0.039705882352941174,0.0625
222,1,0.7378676470588235,0.465,0.027205882352941177,0.045
223,1,0.6154411764705883,0.4425,0.030882352941176472,0.05
224,28,0.7191176470588235,0.29125,0.06764705882352941,0.1125
224,1,0.698529411764706,0.385625,0.039705882352941174,0.08125
224,9,0.7422794117647059,0.3725,0.04779411764705882,0.0875
225,1,0.6544117647058824,0.37625000000000003,0.05,0.0825
226,1,0.8720588235294118,0.32125000000000004,0.05,0.0825
227,18,0.9316176470588236,0.3675,0.057352941176470586,0.0875
228,1,0.7113970588235294,0.40687500000000004,0.04485294117647059,0.07625
229,28,0.9610294117647059,0.45125000000000004,0.03676470588235294,0.055
229,1,0.9477941176470588,0.500625,0.023529411764705882,0.04125
229,9,0.9727941176470588,0.4975,0.026470588235294117,0.04
230,1,0.7264705882352941,0.515,0.020588235294117647,0.035
230,28,0.7261029411764706,0.5556249999999999,0.028676470588235293,0.04625
231,1,0.85625,0.475625,0.027205882352941177,0.04625
232,38,0.4433823529411765,0.636875,0.020588235294117647,0.03625
232,13,0.6536764705882352,0.49875,0.030882352941176472,0.05
232,13,0.23419117647058824,0.5493750000000001,0.03161764705882353,0.04875
233,38,0.2511029411764706,0.62625,0.02426470588235294,0.04
234,1,0.7963235294117648,0.383125,0.047058823529411764,0.07875
236,14,0.838235294117647,0.42250000000000004,0.08676470588235294,0.16
237,14,0.6161764705882352,0.47125,0.023529411764705882,0.04
237,14,0.22536764705882353,0.506875,0.02426470588235294,0.04125
238,18,0.6334558823529411,0.521875,0.028676470588235293,0.04375
238,1,0.6345588235294117,0.5712499999999999,0.020588235294117647,0.035
239,18,0.5889705882352941,0.529375,0.01911764705882353,0.03125
239,1,0.5897058823529412,0.5606249999999999,0.014705882352941176,0.02375
239,12,0.6183823529411764,0.533125,0.020588235294117647,0.03625
240,1,0.6345588235294117,0.47500000000000003,0.023529411764705882,0.04
241,2,0.6316176470588235,0.52625,0.030882352941176472,0.0525
242,15,0.6316176470588235,0.500625,0.016176470588235296,0.03125
242,13,0.9180147058823529,0.395625,0.07867647058823529,0.12375
243,2,0.6286764705882353,0.573125,0.01764705882352941,0.02875
244,10,0.37536764705882353,0.511875,0.028676470588235293,0.04875
244,10,0.9264705882352942,0.46437500000000004,0.03235294117647059,0.05625
245,10,0.3588235294117647,0.56625,0.016176470588235296,0.0275
245,10,0.6341911764705882,0.561875,0.016911764705882352,0.02875
246,10,0.24448529411764705,0.50375,0.03161764705882353,0.055
246,10,0.818014705882353,0.46875,0.03161764705882353,0.0525
247,5,0.3540441176470588,0.5793750000000001,0.015441176470588236,0.02625
247,5,0.6371323529411764,0.5731250000000001,0.015441176470588236,0.02625
248,5,0.15919117647058822,0.5818749999999999,0.01838235294117647,0.03375
248,5,0.6297794117647059,0.553125,0.019852941176470587,0.03375
249,2,0.9029411764705882,0.544375,0.023529411764705882,0.04125
250,38,0.0985294117647059,0.5737500000000001,0.05,0.09
250,2,0.6761029411764705,0.573125,0.01838235294117647,0.03125
251,38,0.11911764705882352,0.590625,0.06764705882352941,0.11875
252,9,0.6893382352941178,0.514375,0.03308823529411765,0.05625
252,1,0.6860294117647059,0.43624999999999997,0.033823529411764704,0.0575
253,9,0.9143382352941176,0.23625000000000002,0.08455882352941177,0.1375
254,2,0.8856617647058824,0.37875000000000003,0.04779411764705882,0.0825
254,23,0.9408088235294118,0.47875,0.022794117647058822,0.0375
255,38,0.16286764705882353,0.6775,0.05661764705882353,0.0975
256,18,0.8591911764705882,0.12187500000000001,0.09338235294117647,0.13875
257,25,0.9308823529411765,0.450625,0.04264705882352941,0.06625
257,25,0.8080882352941176,0.506875,0.029411764705882353,0.04375
258,11,0.5595588235294118,0.6062500000000001,0.023529411764705882,0.04
258,11,0.2672794117647059,0.6325000000000001,0.025735294117647058,0.04
259,1,0.9003676470588236,0.439375,0.03308823529411765,0.05625
260,0,0.5529411764705883,0.3725,0.047058823529411764,0.08
261,35,0.8669117647058824,0.350625,0.04264705882352941,0.07625
262,36,0.6790441176470589,0.38937499999999997,0.04338235294117647,0.07375
262,12,0.8044117647058824,0.11,0.07647058823529412,0.1275
263,2,0.48235294117647054,0.53375,0.014705882352941176,0.025
264,4,0.7176470588235294,0.529375,0.01764705882352941,0.02875
264,9,0.7180147058823529,0.558125,0.016911764705882352,0.02875
264,9,0.3823529411764706,0.5962500000000001,0.016176470588235296,0.0275
265,24,0.5996323529411764,0.55125,0.022794117647058822,0.0375
265,18,0.5834558823529411,0.56875,0.015441176470588236,0.0225
265,1,0.6,0.58625,0.016176470588235296,0.0275
266,18,0.19669117647058823,0.594375,0.0375,0.06375
267,36,0.6213235294117647,0.48874999999999996,0.016176470588235296,0.0275
267,12,0.6415441176470588,0.500625,0.019852941176470587,0.03375
268,2,0.6647058823529411,0.51125,0.01911764705882353,0.0325
269,9,0.7191176470588235,0.5525,0.01764705882352941,0.03
270,41,0.9297794117647059,0.4475,0.03897058823529412,0.0675
270,2,0.19705882352941176,0.450625,0.03676470588235294,0.06375
270,2,0.9294117647058824,0.381875,0.039705882352941174,0.06625
271,2,0.20441176470588235,0.485625,0.027941176470588237,0.04875
271,2,0.8161764705882353,0.45125000000000004,0.029411764705882353,0.05
272,18,0.9264705882352942,0.4375,0.054411764705882354,0.0875
272,18,0.2525735294117647,0.536875,0.04926470588235294,0.07875
273,29,0.8180147058823529,0.393125,0.04779411764705882,0.07125
274,0,0.7301470588235294,0.515625,0.026470588235294117,0.04375
275,33,0.894485294117647,0.45375,0.030147058823529412,0.0525
275,33,0.16323529411764703,0.5343749999999999,0.023529411764705882,0.04375
276,29,0.6040441176470589,0.45875,0.03455882352941177,0.0525
276,38,0.09632352941176471,0.6131249999999999,0.03235294117647059,0.06625
277,16,0.7790441176470588,0.513125,0.016911764705882352,0.02875
278,40,0.6886029411764706,0.505,0.021323529411764706,0.0375
278,13,0.6875,0.465,0.029411764705882353,0.045
279,38,0.4742647058823529,0.64,0.041176470588235294,0.07
280,2,0.7856617647058823,0.50875,0.021323529411764706,0.0375
280,12,0.8503676470588236,0.47812499999999997,0.0375,0.06375
281,31,0.7345588235294117,0.4725,0.025,0.0375
281,2,0.7356617647058823,0.510625,0.02426470588235294,0.04125
282,29,0.650735294117647,0.53625,0.023529411764705882,0.0375
283,4,0.9047794117647059,0.208125,0.07867647058823529,0.13125
284,12,0.7496323529411765,0.385,0.05808823529411765,0.0975
284,2,0.7514705882352941,0.46937500000000004,0.04264705882352941,0.07125
285,14,0.8224264705882354,0.414375,0.04044117647058824,0.06875
286,14,0.756985294117647,0.468125,0.021323529411764706,0.03625
287,2,0.8334558823529411,0.48812500000000003,0.030147058823529412,0.05125
288,5,0.31213235294117647,0.584375,0.016911764705882352,0.02875
288,5,0.73125,0.5625,0.016911764705882352,0.03
289,6,0.22463235294117648,0.528125,0.030147058823529412,0.05375
289,6,0.9588235294117647,0.501875,0.03235294117647059,0.05625
290,5,0.963235294117647,0.511875,0.023529411764705882,0.04625
291,3,0.8433823529411765,0.50375,0.026470588235294117,0.0475
292,8,0.7327205882352941,0.5456249999999999,0.021323529411764706,0.03625
292,8,0.2426470588235294,0.5768749999999999,0.022058823529411766,0.03625
293,7,0.03602941176470588,0.54125,0.030882352941176472,0.0575
293,7,0.8588235294117648,0.4875,0.03676470588235294,0.0625
294,22,0.09338235294117647,0.53625,0.03823529411764706,0.06
294,22,0.8838235294117648,0.44187499999999996,0.04264705882352941,0.06875
295,6,0.9187500000000001,0.484375,0.03308823529411765,0.05875
295,6,0.08823529411764705,0.55,0.03235294117647059,0.0575
296,7,0.35000000000000003,0.531875,0.023529411764705882,0.04125
296,7,0.9213235294117647,0.50125,0.023529411764705882,0.04
297,26,0.75625,0.5700000000000001,0.019852941176470587,0.03
297,26,0.4459558823529412,0.568125,0.019852941176470587,0.02875
298,22,0.9363970588235294,0.27,0.07867647058823529,0.12
298,2,0.9382352941176471,0.366875,0.05588235294117647,0.09375
298,11,0.06470588235294118,0.5750000000000001,0.027941176470588237,0.0375
299,42,0.9371323529411765,0.345625,0.04338235294117647,0.07375
300,25,0.5110294117647058,0.5549999999999999,0.022058823529411766,0.035
300,2,0.5808823529411764,0.539375,0.016176470588235296,0.02875
301,22,0.80625,0.365,0.05073529411764706,0.08
301,2,0.8088235294117647,0.42875,0.03676470588235294,0.0625
302,42,0.8404411764705881,0.44125000000000003,0.029411764705882353,0.05
303,2,0.8827205882352941,0.499375,0.021323529411764706,0.03625
304,35,0.3886029411764706,0.511875,0.03602941176470588,0.06125
305,11,0.5852941176470589,0.49375,0.045588235294117645,0.0675
305,18,0.4213235294117647,0.463125,0.03529411764705882,0.05625
306,20,0.7834558823529412,0.546875,0.027205882352941177,0.04375
306,20,0.27279411764705885,0.61,0.026470588235294117,0.0425
307,17,0.34742647058823534,0.6118750000000001,0.022794117647058822,0.03875
307,17,0.5963235294117647,0.588125,0.023529411764705882,0.04125
307,22,0.6713235294117648,0.54625,0.030882352941176472,0.05
307,38,0.6216911764705882,0.586875,0.02426470588235294,0.04125
309,7,0.14705882352941177,0.511875,0.029411764705882353,0.05375
309,7,0.8683823529411765,0.469375,0.03235294117647059,0.05625
310,42,0.2213235294117647,0.553125,0.023529411764705882,0.04125
310,42,0.8595588235294117,0.510625,0.027941176470588237,0.04625
311,8,0.46544117647058825,0.55125,0.025,0.0425
311,8,0.9647058823529411,0.51,0.025,0.0425
312,5,0.1275735294117647,0.40375,0.07573529411764705,0.14
312,22,0.9099264705882353,0.5275000000000001,0.016911764705882352,0.0275
312,22,0.5058823529411764,0.554375,0.016176470588235296,0.02375
313,6,0.2915441176470588,0.5525,0.04044117647058824,0.07
314,5,0.9044117647058824,0.52,0.025,0.045
314,5,0.3033088235294118,0.585,0.02426470588235294,0.0425
315,6,0.9474264705882354,0.495,0.03161764705882353,0.0575
315,6,0.14154411764705882,0.5475,0.030147058823529412,0.06
316,20,0.5191176470588235,0.53125,0.01911764705882353,0.03
316,3,0.520220588235294,0.5587500000000001,0.016911764705882352,0.0275
316,20,0.7411764705882352,0.509375,0.020588235294117647,0.03125
316,3,0.7408088235294117,0.54125,0.01838235294117647,0.03
317,32,0.8411764705882353,0.49937499999999996,0.03235294117647059,0.05375
318,15,0.4735294117647059,0.58,0.01911764705882353,0.0325
318,38,0.5805147058823529,0.614375,0.015441176470588236,0.02625
319,3,0.9003676470588236,0.5331250000000001,0.03455882352941177,0.05875
319,3,0.43419117647058825,0.573125,0.03161764705882353,0.05625
320,32,0.13860294117647057,0.565,0.019852941176470587,0.035
320,32,0.6882352941176471,0.5231250000000001,0.022058823529411766,0.03875
322,5,0.8731617647058822,0.435625,0.03161764705882353,0.05375
322,5,0.26433823529411765,0.5343749999999999,0.03161764705882353,0.05375
323,10,0.30257352941176474,0.563125,0.019852941176470587,0.03375
323,10,0.6378676470588235,0.565,0.019852941176470587,0.035
330,2,0.7963235294117648,0.43374999999999997,0.04852941176470588,0.085
333,14,0.1073529411764706,0.556875,0.04411764705882353,0.07875
333,14,0.5738970588235295,0.52,0.04044117647058824,0.0725
334,15,0.25441176470588234,0.59375,0.033823529411764704,0.0575
334,2,0.5724264705882353,0.5668749999999999,0.027205882352941177,0.04625
337,12,0.6738970588235293,0.52875,0.022794117647058822,0.0375
338,26,0.3830882352941177,0.515,0.025,0.0375
338,2,0.38272058823529415,0.54875,0.022794117647058822,0.035
338,26,0.7459558823529411,0.514375,0.02426470588235294,0.03625
338,2,0.7459558823529412,0.549375,0.021323529411764706,0.03375
339,1,0.4731617647058824,0.57375,0.02426470588235294,0.0425
339,12,0.7316176470588236,0.548125,0.03823529411764706,0.06125
340,14,0.6169117647058823,0.69375,0.01764705882352941,0.03
340,33,0.6172794117647058,0.666875,0.01838235294117647,0.03125
340,14,0.6169117647058823,0.69375,0.01764705882352941,0.03
341,13,0.7058823529411765,0.62375,0.054411764705882354,0.085
343,15,0.5996323529411764,0.6806249999999999,0.019852941176470587,0.03375
343,15,0.3658088235294118,0.651875,0.021323529411764706,0.03625
344,12,0.6169117647058824,0.566875,0.058823529411764705,0.10125
346,5,0.22499999999999998,0.6950000000000001,0.022058823529411766,0.0375
346,5,0.6595588235294118,0.695,0.020588235294117647,0.035
347,30,0.6922794117647059,0.71375,0.04191176470588235,0.065
348,5,0.713970588235294,0.6787500000000001,0.027941176470588237,0.0475
349,10,0.061397058823529416,0.605625,0.04485294117647059,0.07375
349,10,0.9397058823529412,0.624375,0.05,0.08625
350,10,0.3613970588235294,0.699375,0.02426470588235294,0.04125
350,10,0.8150735294117647,0.696875,0.02426470588235294,0.03875
351,5,0.38566176470588237,0.683125,0.019852941176470587,0.03375
352,6,0.7224264705882353,0.703125,0.019852941176470587,0.03375
352,6,0.3981617647058824,0.708125,0.019852941176470587,0.03375
353,10,0.6235294117647059,0.7075,0.01764705882352941,0.03
353,10,0.34301470588235294,0.7125,0.015441176470588236,0.0275
355,10,0.36066176470588235,0.691875,0.02426470588235294,0.04125
356,30,0.7169117647058824,0.683125,0.04264705882352941,0.06625
356,30,0.20551470588235293,0.6587500000000001,0.04485294117647059,0.07
357,10,0.8180147058823529,0.6775,0.025735294117647058,0.045
357,10,0.35404411764705884,0.683125,0.027205882352941177,0.04625
358,8,0.2536764705882353,0.649375,0.04264705882352941,0.07375
359,8,0.6551470588235294,0.71375,0.01764705882352941,0.03
359,8,0.35257352941176473,0.715625,0.01838235294117647,0.03125
360,8,0.775,0.6325,0.03235294117647059,0.055
360,8,0.20183823529411765,0.6543749999999999,0.03161764705882353,0.05375
362,30,0.22867647058823531,0.6525000000000001,0.08676470588235294,0.13
363,8,0.3150735294117647,0.630625,0.03161764705882353,0.05375
363,10,0.31691176470588234,0.683125,0.03235294117647059,0.05375
366,8,0.3886029411764706,0.676875,0.016911764705882352,0.02875
366,10,0.38933823529411765,0.7056250000000001,0.016911764705882352,0.02875
366,8,0.7360294117647058,0.701875,0.01911764705882353,0.02875
366,10,0.7363970588235293,0.731875,0.019852941176470587,0.02875
367,8,0.7705882352941176,0.65125,0.029411764705882353,0.05
367,10,0.7716911764705883,0.703125,0.03161764705882353,0.05125
367,8,0.18529411764705883,0.63625,0.03235294117647059,0.0525
367,10,0.18786764705882353,0.69125,0.030147058823529412,0.05
368,8,0.2988970588235294,0.60625,0.03602941176470588,0.0625
368,10,0.2974264705882353,0.66875,0.03897058823529412,0.065
369,8,0.3908088235294118,0.6925,0.015441176470588236,0.025
369,10,0.39080882352941176,0.718125,0.016911764705882352,0.02625
369,8,0.6503676470588236,0.676875,0.015441176470588236,0.02375
369,10,0.6511029411764706,0.700625,0.015441176470588236,0.02625
370,8,0.6558823529411765,0.6843750000000001,0.01764705882352941,0.02875
370,10,0.6569852941176471,0.71375,0.019852941176470587,0.0325
370,8,0.3334558823529412,0.678125,0.019852941176470587,0.02875
370,10,0.3345588235294118,0.706875,0.01911764705882353,0.03125
371,5,0.2529411764705882,0.68625,0.041176470588235294,0.07
372,4,0.731985294117647,0.634375,0.03161764705882353,0.05375
373,4,0.13198529411764706,0.665625,0.022794117647058822,0.03875
373,4,0.6147058823529411,0.66,0.025,0.0425
374,13,0.7463235294117647,0.679375,0.023529411764705882,0.04125
374,12,0.5025735294117647,0.72,0.01838235294117647,0.0325
375,13,0.913235294117647,0.66625,0.01911764705882353,0.03
376,6,0.2113970588235294,0.635625,0.03161764705882353,0.05375
376,6,0.7426470588235294,0.66375,0.030882352941176472,0.0525
377,8,0.8474264705882353,0.654375,0.028676470588235293,0.04875
377,8,0.1900735294117647,0.638125,0.028676470588235293,0.05125
377,10,0.8474264705882353,0.703125,0.028676470588235293,0.04875
377,10,0.18860294117647058,0.690625,0.030147058823529412,0.05125
378,10,0.060661764705882346,0.52625,0.0875,0.1475
378,8,0.061397058823529416,0.3775,0.09044117647058823,0.15
379,8,0.1536764705882353,0.6012500000000001,0.033823529411764704,0.0575
379,10,0.8,0.64,0.03529411764705882,0.06
379,10,0.15330882352941175,0.6581250000000001,0.03455882352941177,0.05875
379,8,0.7981617647058824,0.581875,0.03455882352941177,0.05875
380,10,0.41397058823529415,0.71375,0.01764705882352941,0.03
380,10,0.7091911764705882,0.719375,0.016911764705882352,0.02875
380,8,0.7084558823529411,0.6893750000000001,0.016911764705882352,0.02875
380,8,0.41397058823529415,0.68375,0.01764705882352941,0.03
382,8,0.34191176470588236,0.6375000000000001,0.029411764705882353,0.05
382,10,0.3422794117647059,0.685625,0.028676470588235293,0.04875
382,8,0.9033088235294117,0.644375,0.028676470588235293,0.04875
382,10,0.9047794117647058,0.690625,0.028676470588235293,0.04875
383,30,0.4,0.7006249999999999,0.025,0.03625
383,30,0.7386029411764705,0.6956249999999999,0.02426470588235294,0.03625
384,8,0.9051470588235294,0.56,0.047058823529411764,0.08
384,10,0.9077205882352941,0.639375,0.04779411764705882,0.08125
385,8,0.7327205882352941,0.685625,0.028676470588235293,0.04875
385,8,0.21102941176470588,0.68875,0.029411764705882353,0.05
386,10,0.4172794117647059,0.716875,0.01838235294117647,0.03125
386,10,0.7268382352941176,0.701875,0.016911764705882352,0.02875
387,30,0.3264705882352941,0.6637500000000001,0.04852941176470588,0.08
387,30,0.8955882352941177,0.644375,0.04852941176470588,0.07875
388,13,0.9632352941176471,0.66125,0.052941176470588235,0.08
390,8,0.35220588235294115,0.6575,0.03529411764705882,0.06
390,8,0.9132352941176471,0.6468750000000001,0.033823529411764704,0.05875
391,6,0.9426470588235295,0.658125,0.03235294117647059,0.06125
391,6,0.1636029411764706,0.66625,0.03602941176470588,0.0625
392,7,0.28713235294117645,0.5968749999999999,0.04779411764705882,0.08625
393,23,0.23933823529411763,0.6593749999999999,0.06985294117647059,0.10875
395,6,0.1625,0.675,0.029411764705882353,0.0525
395,6,0.6768382352941176,0.67125,0.025735294117647058,0.045
396,7,0.15808823529411764,0.634375,0.033823529411764704,0.05875
396,7,0.7514705882352941,0.615,0.03529411764705882,0.06
397,10,0.7102941176470587,0.72,0.025,0.0425
397,4,0.7091911764705882,0.676875,0.025735294117647058,0.04375
398,26,0.5753676470588235,0.660625,0.019852941176470587,0.02875
398,4,0.575735294117647,0.68625,0.01764705882352941,0.0275
398,10,0.5764705882352941,0.7125,0.01764705882352941,0.03
400,26,0.9286764705882353,0.63,0.039705882352941174,0.06
401,4,0.3238970588235294,0.645625,0.030147058823529412,0.05125
401,4,0.8400735294117646,0.646875,0.030147058823529412,0.05125
402,42,0.8183823529411764,0.64875,0.027941176470588237,0.0475
403,42,0.42610294117647063,0.71875,0.016911764705882352,0.03
403,42,0.700735294117647,0.71375,0.01911764705882353,0.0325
403,4,0.42647058823529416,0.6900000000000001,0.01764705882352941,0.03
403,4,0.7,0.681875,0.01911764705882353,0.03375
404,4,0.26875,0.556875,0.04485294117647059,0.07625
404,4,0.9437500000000001,0.5543750000000001,0.04191176470588235,0.07125
405,4,0.9426470588235295,0.6218750000000001,0.039705882352941174,0.06875
405,4,0.28161764705882353,0.5893750000000001,0.041176470588235294,0.06875
405,12,0.9433823529411764,0.541875,0.05,0.09125
406,18,0.39375,0.709375,0.022794117647058822,0.03375
406,18,0.6363970588235294,0.69625,0.019852941176470587,0.0325
406,30,0.7878676470588236,0.6587500000000001,0.0375,0.06
406,30,0.22683823529411765,0.6706249999999999,0.03602941176470588,0.05625
408,18,0.125,0.62625,0.061764705882352944,0.095
408,18,0.8610294117647059,0.6425,0.057352941176470586,0.0875
410,38,0.2904411764705882,0.8037500000000001,0.041176470588235294,0.07
411,38,0.15551470588235294,0.7899999999999999,0.03897058823529412,0.075
411,17,0.09154411764705883,0.7156250000000001,0.021323529411764706,0.03875
411,17,0.37683823529411764,0.7118749999999999,0.02426470588235294,0.04375
412,7,0.7533088235294119,0.6525000000000001,0.03308823529411765,0.0575
413,3,0.7801470588235294,0.630625,0.033823529411764704,0.06125
414,3,0.7757352941176471,0.555625,0.033823529411764704,0.05875
415,9,0.6161764705882352,0.7000000000000001,0.016176470588235296,0.0275
416,3,0.6117647058823529,0.655,0.027941176470588237,0.0475
417,18,0.05808823529411765,0.6168750000000001,0.07352941176470588,0.11375
418,22,0.3466911764705882,0.689375,0.02426470588235294,0.03625
418,8,0.34632352941176475,0.7175,0.016176470588235296,0.0275
419,7,0.736764705882353,0.64125,0.033823529411764704,0.06
420,3,0.6172794117647058,0.691875,0.016911764705882352,0.02875
420,3,0.2735294117647059,0.6987500000000001,0.016176470588235296,0.0275
421,13,0.7066176470588235,0.709375,0.022058823529411766,0.03375
422,23,0.4496323529411765,0.72375,0.01838235294117647,0.03
423,25,0.3,0.635,0.06323529411764706,0.0975
423,25,0.8808823529411764,0.6112500000000001,0.06911764705882353,0.11
425,5,0.23676470588235293,0.65375,0.029411764705882353,0.05
425,5,0.6768382352941176,0.650625,0.030147058823529412,0.05125
425,10,0.23676470588235293,0.70375,0.029411764705882353,0.05
425,10,0.6790441176470587,0.701875,0.030147058823529412,0.05125
426,25,0.8360294117647058,0.558125,0.08823529411764706,0.13875
427,5,0.25073529411764706,0.5387500000000001,0.06911764705882353,0.12
428,7,0.24926470588235294,0.7025,0.020588235294117647,0.035
428,7,0.6996323529411764,0.6968749999999999,0.021323529411764706,0.03625
430,13,0.7121323529411765,0.56375,0.05808823529411765,0.0925
431,8,0.21654411764705883,0.6818749999999999,0.028676470588235293,0.04625
431,8,0.8529411764705882,0.645,0.027941176470588237,0.05
432,8,0.1838235294117647,0.7162499999999999,0.01911764705882353,0.0325
432,8,0.7029411764705882,0.6575,0.020588235294117647,0.035
433,25,0.39558823529411763,0.6950000000000001,0.041176470588235294,0.0675
434,5,0.15588235294117647,0.3,0.0661764705882353,0.115
435,9,0.6235294117647059,0.6868749999999999,0.020588235294117647,0.03625
436,5,0.5919117647058824,0.6775,0.016176470588235296,0.0275
438,41,0.3996323529411765,0.711875,0.015441176470588236,0.02625
438,41,0.6261029411764706,0.708125,0.015441176470588236,0.02625
439,8,0.8988970588235294,0.6675,0.04191176470588235,0.075
440,23,0.94375,0.65875,0.05955882352941176,0.0875
441,8,0.7996323529411765,0.694375,0.03602941176470588,0.06125
443,18,0.6117647058823529,0.705,0.022058823529411766,0.035
443,8,0.6124999999999999,0.735625,0.014705882352941176,0.02375
443,18,0.3573529411764706,0.705625,0.023529411764705882,0.03375
443,8,0.3580882352941176,0.73375,0.014705882352941176,0.0225
444,20,0.2963235294117647,0.688125,0.03529411764705882,0.05625
444,20,0.7253676470588236,0.69,0.03308823529411765,0.0525
444,7,0.29705882352941176,0.7306250000000001,0.022058823529411766,0.03875
444,7,0.7253676470588235,0.7331249999999999,0.021323529411764706,0.03625
445,5,0.7672794117647059,0.6512500000000001,0.03308823529411765,0.0575
445,5,0.17169117647058824,0.675,0.030147058823529412,0.0525
446,17,0.3095588235294118,0.656875,0.029411764705882353,0.04625
446,17,0.5772058823529411,0.641875,0.026470588235294117,0.04125
446,38,0.5812499999999999,0.730625,0.02426470588235294,0.04125
447,13,0.9007352941176471,0.5706249999999999,0.06323529411764706,0.09625
448,38,0.4349264705882353,0.7612500000000001,0.015441176470588236,0.0275
449,13,0.1713235294117647,0.609375,0.030882352941176472,0.04875
449,13,0.6121323529411764,0.5837500000000001,0.030147058823529412,0.0475
450,11,0.8400735294117647,0.4925,0.05661764705882353,0.0875
451,11,0.5915441176470588,0.714375,0.021323529411764706,0.03375
452,25,0.6580882352941176,0.7006249999999999,0.027941176470588237,0.04375
453,28,0.9253676470588236,0.461875,0.06397058823529411,0.09375
453,11,0.6680147058823529,0.6381249999999999,0.019852941176470587,0.03375
453,28,0.1849264705882353,0.54,0.04044117647058824,0.0625
455,11,0.8375,0.5025000000000001,0.0661764705882353,0.1
456,3,0.3297794117647059,0.5525,0.04044117647058824,0.07
457,2,0.9352941176470588,0.558125,0.04264705882352941,0.07125
457,2,0.39375,0.6062500000000001,0.027205882352941177,0.0475
458,12,0.7378676470588235,0.63625,0.021323529411764706,0.04
459,25,0.6577205882352941,0.664375,0.025735294117647058,0.04125
459,1,0.6591911764705882,0.700625,0.01838235294117647,0.03125
460,12,0.6205882352941177,0.5874999999999999,0.022058823529411766,0.035
460,33,0.6224264705882353,0.620625,0.022794117647058822,0.03875
461,12,0.93125,0.371875,0.05220588235294118,0.08375
463,38,0.41911764705882354,0.8043750000000001,0.022058823529411766,0.03875
465,13,0.9455882352941176,0.44375,0.0661764705882353,0.1
466,13,0.9125000000000001,0.52625,0.03823529411764706,0.055
466,13,0.39044117647058824,0.6031249999999999,0.025,0.03625
466,35,0.9150735294117647,0.571875,0.027205882352941177,0.04375
466,34,0.39044117647058824,0.6325000000000001,0.01764705882352941,0.03
467,3,0.8455882352941176,0.6487499999999999,0.026470588235294117,0.045
468,3,0.8430147058823529,0.65625,0.027205882352941177,0.0475
470,1,0.613970588235294,0.62625,0.01764705882352941,0.03
470,13,0.6772058823529411,0.6643749999999999,0.025,0.04375
470,12,0.8761029411764706,0.343125,0.08308823529411764,0.14125
471,12,0.5904411764705882,0.631875,0.020588235294117647,0.03625
472,12,0.6636029411764707,0.6525,0.03308823529411765,0.055
473,10,0.3849264705882353,0.685625,0.02426470588235294,0.04125
473,10,0.8588235294117647,0.6525,0.023529411764705882,0.04
474,7,0.9249999999999999,0.70625,0.023529411764705882,0.04
474,7,0.38933823529411765,0.7306250000000001,0.022794117647058822,0.03875
475,7,0.9349264705882353,0.631875,0.05661764705882353,0.09375
476,7,0.13308823529411765,0.6706249999999999,0.026470588235294117,0.04625
476,7,0.8599264705882352,0.675625,0.025735294117647058,0.04375
477,5,0.2338235294117647,0.6575,0.029411764705882353,0.05
478,5,0.6926470588235294,0.61375,0.030882352941176472,0.0525
478,5,0.17500000000000002,0.62875,0.029411764705882353,0.05
479,13,0.7378676470588235,0.6481250000000001,0.03161764705882353,0.05125
479,40,0.738970588235294,0.6925,0.022058823529411766,0.0375
480,2,0.7933823529411765,0.5850000000000001,0.03529411764705882,0.06
481,18,0.6808823529411764,0.648125,0.026470588235294117,0.04125
482,12,0.551470588235294,0.68125,0.026470588235294117,0.0475
482,17,0.20441176470588235,0.68625,0.026470588235294117,0.0525
482,17,0.21544117647058825,0.72125,0.014705882352941176,0.0325
482,13,0.7816176470588235,0.7206250000000001,0.011764705882352941,0.02625
483,7,0.12977941176470587,0.6706249999999999,0.03897058823529412,0.06625
483,7,0.8875000000000001,0.6962499999999999,0.03676470588235294,0.065
484,16,0.2613970588235294,0.656875,0.02426470588235294,0.04125
484,16,0.7488970588235294,0.6825,0.02426470588235294,0.0425
485,16,0.17683823529411763,0.519375,0.05514705882352941,0.09625
486,7,0.3216911764705882,0.6831250000000001,0.04044117647058824,0.06875
487,38,0.4665441176470588,0.7693749999999999,0.013970588235294118,0.02375
488,38,0.3713235294117647,0.7775000000000001,0.016176470588235296,0.0275
490,13,0.6294117647058823,0.659375,0.020588235294117647,0.02875
490,38,0.4823529411764706,0.76,0.01764705882352941,0.03
490,40,0.6301470588235294,0.6825,0.014705882352941176,0.025
491,38,0.33749999999999997,0.7531249999999999,0.04264705882352941,0.08625
492,11,0.6676470588235294,0.678125,0.022058823529411766,0.03625
493,18,0.6897058823529412,0.594375,0.041176470588235294,0.06375
494,1,0.8544117647058823,0.434375,0.07205882352941176,0.11875
496,8,0.39080882352941176,0.64375,0.030147058823529412,0.0525
496,10,0.38933823529411765,0.694375,0.030147058823529412,0.05125
497,38,0.3003676470588235,0.7887500000000001,0.02426470588235294,0.05
498,38,0.20110294117647057,0.7625000000000001,0.03602941176470588,0.06
498,17,0.19852941176470587,0.63,0.03235294117647059,0.055
499,13,0.7591911764705883,0.6475,0.03455882352941177,0.0525
500,5,0.7176470588235294,0.6531250000000001,0.03529411764705882,0.05875
501,4,0.7003676470588235,0.70875,0.013970588235294118,0.025
501,4,0.4551470588235294,0.709375,0.013235294117647059,0.02375
501,17,0.1275735294117647,0.4175,0.07867647058823529,0.13
501,38,0.11875,0.865625,0.08014705882352942,0.13875
502,17,0.05220588235294117,0.7124999999999999,0.020588235294117647,0.035
502,17,0.43566176470588236,0.710625,0.019852941176470587,0.03375
502,38,0.4227941176470588,0.7424999999999999,0.025,0.0425
503,38,0.2856617647058824,0.768125,0.05073529411764706,0.08875
504,38,0.29007352941176473,0.76375,0.022794117647058822,0.04
505,12,0.788235294117647,0.625625,0.029411764705882353,0.05125
507,11,0.6658088235294118,0.623125,0.04044117647058824,0.06375
507,38,0.4889705882352941,0.745,0.011764705882352941,0.0225
508,11,0.6518382352941177,0.6431250000000001,0.03161764705882353,0.04875
509,11,0.6286764705882354,0.63375,0.03235294117647059,0.05
512,5,0.18382352941176472,0.63,0.029411764705882353,0.045
512,5,0.8522058823529411,0.6375000000000001,0.029411764705882353,0.05
513,7,0.12463235294117647,0.660625,0.04044117647058824,0.06875
514,10,0.29375,0.661875,0.027205882352941177,0.04625
514,10,0.8727941176470587,0.638125,0.027941176470588237,0.04875
515,3,0.21691176470588236,0.4975,0.05588235294117647,0.0925
516,34,0.19779411764705884,0.38,0.04264705882352941,0.0725
517,10,0.22647058823529415,0.57375,0.054411764705882354,0.0925
518,7,0.3492647058823529,0.6875,0.03529411764705882,0.06
519,7,0.35330882352941173,0.6968749999999999,0.03897058823529412,0.06625
520,10,0.3,0.67,0.041176470588235294,0.0725
521,7,0.28750000000000003,0.7362500000000001,0.020588235294117647,0.0375
521,7,0.7066176470588235,0.7250000000000001,0.022058823529411766,0.0375
523,10,0.9613970588235294,0.666875,0.03308823529411765,0.05375
523,10,0.3518382352941176,0.6731250000000001,0.03455882352941177,0.05875
524,7,0.15735294117647058,0.69625,0.039705882352941174,0.0675
524,7,0.9154411764705883,0.6925,0.03823529411764706,0.065
527,10,0.6536764705882353,0.55125,0.022058823529411766,0.0375
527,10,0.275,0.5437500000000001,0.022058823529411766,0.0375
528,7,0.7393382352941176,0.449375,0.030147058823529412,0.05125
528,7,0.1363970588235294,0.5437500000000001,0.028676470588235293,0.05
530,10,0.32536764705882354,0.5225,0.025735294117647058,0.0425
530,10,0.7547794117647059,0.521875,0.02426470588235294,0.04125
531,10,0.36323529411764705,0.5662499999999999,0.014705882352941176,0.025
531,10,0.676470588235294,0.5525,0.016176470588235296,0.0275
536,17,0.030882352941176472,0.5537500000000001,0.022058823529411766,0.0375
536,17,0.25,0.5812499999999999,0.01911764705882353,0.0325
536,38,0.538235294117647,0.60875,0.011764705882352941,0.02
542,12,0.6279411764705882,0.5650000000000001,0.01764705882352941,0.03
544,11,0.8,0.40937500000000004,0.05,0.07625
544,25,0.7419117647058823,0.5525,0.027941176470588237,0.0425
544,1,0.5536764705882353,0.5599999999999999,0.013235294117647059,0.025
545,15,0.16911764705882354,0.568125,0.025,0.04875
548,14,0.5830882352941176,0.5625,0.026470588235294117,0.045
548,36,0.5841911764705882,0.601875,0.01838235294117647,0.03125
551,16,0.6996323529411764,0.59875,0.021323529411764706,0.035
552,8,0.40110294117647055,0.650625,0.0125,0.02125
552,10,0.4014705882352941,0.67,0.011764705882352941,0.02
552,8,0.6051470588235294,0.64625,0.013235294117647059,0.0225
552,10,0.6051470588235294,0.66625,0.011764705882352941,0.02
554,18,0.7099264705882352,0.611875,0.027205882352941177,0.04375
556,38,0.9,0.66,0.04264705882352941,0.0725
557,23,0.21691176470588236,0.6025,0.03235294117647059,0.05
557,13,0.35441176470588237,0.6056250000000001,0.03529411764705882,0.05875
560,3,0.7860294117647059,0.25375,0.04411764705882353,0.075
564,11,0.5713235294117648,0.48500000000000004,0.03235294117647059,0.05
565,12,0.5496323529411764,0.44125,0.02426470588235294,0.0425
566,9,0.49411764705882355,0.515,0.025,0.0425
566,9,0.10294117647058823,0.5437500000000001,0.023529411764705882,0.04
566,38,0.3463235294117647,0.6231249999999999,0.014705882352941176,0.02375
567,22,0.7937500000000001,0.543125,0.04338235294117647,0.06375
570,9,0.6599264705882353,0.540625,0.02426470588235294,0.04125
571,17,0.9540441176470588,0.465625,0.015441176470588236,0.02875
575,38,0.30808823529411766,0.6125,0.023529411764705882,0.04
593,38,0.43823529411764706,0.6525,0.01764705882352941,0.03
599,9,0.5227941176470587,0.58125,0.016176470588235296,0.0275
601,7,0.08345588235294119,0.59875,0.04632352941176471,0.0725
602,8,0.94375,0.713125,0.022794117647058822,0.03875
602,8,0.3371323529411765,0.698125,0.022794117647058822,0.03875
603,10,0.28602941176470587,0.5906250000000001,0.041176470588235294,0.06875
604,30,0.2948529411764706,0.6425000000000001,0.052941176470588235,0.08
605,4,0.13713235294117646,0.6631250000000001,0.028676470588235293,0.04875
605,4,0.6349264705882353,0.6475,0.025735294117647058,0.0425
606,42,0.6397058823529411,0.6475,0.025,0.0425
607,24,0.6757352941176471,0.62375,0.045588235294117645,0.0675
608,12,0.7165441176470588,0.49375,0.03897058823529412,0.0625
609,4,0.6066176470588235,0.65375,0.023529411764705882,0.04
609,4,0.2400735294117647,0.66125,0.02426470588235294,0.0425
610,12,0.6805147058823529,0.67375,0.019852941176470587,0.035
610,4,0.6819852941176471,0.7043750000000001,0.015441176470588236,0.02625
611,4,0.6290441176470588,0.630625,0.02426470588235294,0.04125
611,10,0.6297794117647059,0.67,0.02426470588235294,0.04
612,38,0.12683823529411764,0.708125,0.06691176470588235,0.11375
612,17,0.15294117647058825,0.515625,0.05588235294117647,0.09625
613,5,0.8459558823529412,0.724375,0.027205882352941177,0.04625
613,5,0.36433823529411763,0.704375,0.025735294117647058,0.04375
615,18,0.6643382352941177,0.68875,0.03308823529411765,0.0525
615,8,0.6647058823529411,0.7324999999999999,0.020588235294117647,0.035
615,18,0.2926470588235294,0.6906249999999999,0.033823529411764704,0.05375
615,8,0.29375,0.7318749999999999,0.019852941176470587,0.03625
616,32,0.3308823529411765,0.71375,0.01911764705882353,0.0325
616,32,0.6544117647058824,0.69375,0.020588235294117647,0.035
619,13,0.6327205882352941,0.540625,0.028676470588235293,0.04375
620,9,0.645220588235294,0.549375,0.021323529411764706,0.03625
621,4,0.5845588235294117,0.57,0.01911764705882353,0.0325
622,22,0.6154411764705883,0.555625,0.033823529411764704,0.05125
623,4,0.7382352941176471,0.505,0.04411764705882353,0.075
624,38,0.30183823529411763,0.661875,0.03455882352941177,0.06125
624,2,0.6124999999999999,0.595,0.01764705882352941,0.03
625,2,0.7863970588235294,0.5125,0.04779411764705882,0.0825
626,2,0.6441176470588235,0.52875,0.027941176470588237,0.0475
626,9,0.6433823529411764,0.5775,0.026470588235294117,0.045
628,32,0.7658088235294117,0.399375,0.06397058823529411,0.10875
630,4,0.9205882352941177,0.4375,0.04852941176470588,0.0875
631,4,0.6003676470588235,0.61875,0.025735294117647058,0.0425
631,12,0.6003676470588236,0.5706249999999999,0.03308823529411765,0.05625
632,1,0.09117647058823529,0.501875,0.033823529411764704,0.05625
633,38,0.2389705882352941,0.676875,0.051470588235294115,0.10125
634,2,0.4025735294117647,0.491875,0.03308823529411765,0.05625
635,9,0.6213235294117646,0.5525000000000001,0.027941176470588237,0.0475
637,11,0.6558823529411765,0.5287499999999999,0.03529411764705882,0.055
638,1,0.6863970588235294,0.49250000000000005,0.028676470588235293,0.05
639,38,0.2301470588235294,0.660625,0.03529411764705882,0.06125
640,4,0.8386029411764706,0.485625,0.05220588235294118,0.08875
640,12,0.836764705882353,0.38249999999999995,0.07205882352941176,0.1225
641,17,0.03455882352941177,0.5575,0.030882352941176472,0.0525
642,12,0.6595588235294118,0.455,0.054411764705882354,0.0925
642,38,0.3275735294117647,0.63375,0.016911764705882352,0.0275
644,38,0.07573529411764707,0.678125,0.039705882352941174,0.07125
645,1,0.7808823529411765,0.42374999999999996,0.041176470588235294,0.07
646,13,0.7900735294117647,0.568125,0.022794117647058822,0.03625
646,13,0.4227941176470588,0.55875,0.022058823529411766,0.0325
647,38,0.45735294117647063,0.6575000000000001,0.016176470588235296,0.0275
648,25,0.27941176470588236,0.510625,0.05,0.07625
649,12,0.6194852941176471,0.40875,0.03455882352941177,0.0575
650,12,0.8514705882352941,0.39437500000000003,0.051470588235294115,0.08625
650,38,0.3658088235294118,0.6575000000000001,0.015441176470588236,0.0275
651,25,0.6062500000000001,0.465,0.05367647058823529,0.0825
651,1,0.6069852941176471,0.5375,0.0375,0.065
653,35,0.5860294117647058,0.536875,0.016176470588235296,0.02875
653,12,0.5849264705882352,0.49437499999999995,0.022794117647058822,0.03875
654,12,0.9330882352941177,0.41312499999999996,0.041176470588235294,0.07375
655,12,0.705514705882353,0.4325,0.03602941176470588,0.06
655,38,0.4073529411764706,0.6625,0.014705882352941176,0.025
656,15,0.43125,0.596875,0.01838235294117647,0.03125
657,16,0.7415441176470587,0.521875,0.025735294117647058,0.04375
658,23,0.6599264705882353,0.46875,0.05808823529411765,0.0875
659,2,0.7448529411764705,0.5625,0.029411764705882353,0.05
660,9,0.7066176470588235,0.5499999999999999,0.026470588235294117,0.045
661,2,0.8481617647058823,0.5193749999999999,0.022794117647058822,0.03625
662,22,0.7136029411764706,0.575625,0.03308823529411765,0.05125
663,13,0.6345588235294118,0.42124999999999996,0.04852941176470588,0.075
664,12,0.6352941176470589,0.519375,0.03235294117647059,0.05625
664,4,0.6356617647058823,0.565625,0.022794117647058822,0.03875
665,23,0.5275735294117647,0.5425,0.03602941176470588,0.0525
665,4,0.4176470588235294,0.6025,0.016176470588235296,0.0275
667,4,0.5518382352941176,0.571875,0.019852941176470587,0.03375
668,2,0.8290441176470588,0.37125,0.06544117647058824,0.1075
668,12,0.8297794117647058,0.24562499999999998,0.08602941176470588,0.14375
669,4,0.6794117647058824,0.5231250000000001,0.03676470588235294,0.06375
670,4,0.7577205882352941,0.424375,0.04926470588235294,0.08375
671,26,0.6363970588235295,0.46375,0.03897058823529412,0.0575
671,2,0.6356617647058823,0.514375,0.027205882352941177,0.04625
672,13,0.6772058823529412,0.438125,0.04264705882352941,0.06375
672,13,0.11654411764705883,0.370625,0.05220588235294118,0.07875
673,11,0.32647058823529407,0.5406249999999999,0.04411764705882353,0.06625
674,1,0.5397058823529411,0.485,0.025,0.0425
675,38,0.48419117647058824,0.650625,0.025735294117647058,0.04375
675,13,0.7540441176470588,0.50625,0.025735294117647058,0.0425
675,40,0.7533088235294118,0.5425,0.01838235294117647,0.0325
678,13,0.5294117647058824,0.53,0.03235294117647059,0.0525
679,33,0.54375,0.536875,0.028676470588235293,0.05125
679,14,0.5415441176470589,0.468125,0.04632352941176471,0.07875
680,1,0.68125,0.52625,0.03897058823529412,0.0675
680,35,0.2801470588235294,0.5662499999999999,0.020588235294117647,0.035
681,1,0.6124999999999999,0.55875,0.01911764705882353,0.0325
682,35,0.21948529411764706,0.558125,0.030147058823529412,0.05125
682,35,0.667279411764706,0.554375,0.03308823529411765,0.05625
682,38,0.2025735294117647,0.625625,0.021323529411764706,0.03625
683,10,0.2926470588235294,0.5825,0.016176470588235296,0.0275
683,10,0.6625,0.578125,0.01764705882352941,0.03125
685,38,0.46838235294117647,0.6625,0.03235294117647059,0.055
686,5,0.29007352941176473,0.569375,0.025735294117647058,0.04625
688,14,0.638235294117647,0.5349999999999999,0.026470588235294117,0.045
688,14,0.3069852941176471,0.555625,0.02426470588235294,0.04125
689,25,0.44522058823529415,0.6275,0.022794117647058822,0.035
689,25,0.6661764705882353,0.6243749999999999,0.023529411764705882,0.03625
690,4,0.5786764705882352,0.646875,0.01764705882352941,0.02875
691,4,0.6588235294117647,0.62875,0.016176470588235296,0.0275
691,4,0.3525735294117647,0.6262500000000001,0.015441176470588236,0.0275
692,15,0.7871323529411764,0.47125,0.030147058823529412,0.05
693,3,0.738235294117647,0.50375,0.029411764705882353,0.05
694,12,0.60625,0.5337500000000001,0.02426470588235294,0.04
695,12,0.5944852941176471,0.501875,0.022794117647058822,0.03875
696,9,0.5345588235294118,0.57,0.014705882352941176,0.025
697,25,0.7220588235294118,0.444375,0.05588235294117647,0.08375
698,1,0.5522058823529411,0.5343749999999999,0.020588235294117647,0.03625
699,1,0.5452205882352941,0.535,0.021323529411764706,0.0375
700,13,0.6474264705882353,0.47125,0.04779411764705882,0.0725
701,2,0.7830882352941178,0.52375,0.033823529411764704,0.0575
701,12,0.7823529411764706,0.455625,0.047058823529411764,0.07875
702,12,0.5128676470588235,0.57125,0.013970588235294118,0.0275
703,28,0.7518382352941176,0.42125,0.04191176470588235,0.065
703,1,0.7511029411764706,0.475625,0.030147058823529412,0.05125
704,2,0.5731617647058823,0.530625,0.019852941176470587,0.03375
705,1,0.7154411764705881,0.450625,0.026470588235294117,0.04375
706,1,0.6488970588235293,0.48312499999999997,0.02426470588235294,0.03875
707,4,0.6801470588235293,0.50125,0.026470588235294117,0.045
710,2,0.8264705882352942,0.3025,0.058823529411764705,0.1025
712,9,0.7044117647058824,0.48375,0.03823529411764706,0.065
714,1,0.5926470588235294,0.41875,0.03235294117647059,0.055
715,38,0.2338235294117647,0.47375,0.04852941176470588,0.0825
716,4,0.6209558823529412,0.450625,0.03602941176470588,0.06375
716,12,0.6235294117647059,0.375625,0.05,0.08625
717,4,0.6227941176470588,0.55875,0.01764705882352941,0.03
719,2,0.6992647058823529,0.510625,0.026470588235294117,0.04625
720,2,0.5488970588235293,0.548125,0.013970588235294118,0.02375
721,13,0.6749999999999999,0.461875,0.025,0.03875
722,23,0.0985294117647059,0.48875,0.04411764705882353,0.0675
722,23,0.7503676470588235,0.44437499999999996,0.04191176470588235,0.06375
723,23,0.5683823529411766,0.48,0.039705882352941174,0.06
723,23,0.15294117647058825,0.48750000000000004,0.041176470588235294,0.06
723,4,0.519485294117647,0.5437500000000001,0.015441176470588236,0.0275
725,39,0.41360294117647056,0.7625000000000001,0.015441176470588236,0.0275
728,25,0.3786764705882353,0.724375,0.025,0.04125
729,3,0.40661764705882353,0.6325,0.025,0.0425
730,3,0.35955882352941176,0.583125,0.033823529411764704,0.05875
730,3,0.7852941176470588,0.665,0.022058823529411766,0.0375
732,12,0.7198529411764706,0.67625,0.01911764705882353,0.0325
733,38,0.3426470588235294,0.759375,0.03529411764705882,0.06125
733,4,0.3863970588235294,0.5549999999999999,0.025735294117647058,0.045
733,4,0.6992647058823529,0.67125,0.020588235294117647,0.035
734,3,0.8294117647058824,0.61125,0.05588235294117647,0.0975
736,25,0.6191176470588234,0.704375,0.020588235294117647,0.03375
737,13,0.45625,0.5750000000000001,0.025735294117647058,0.04
737,13,0.35919117647058824,0.5825,0.027205882352941177,0.0425
738,38,0.41875,0.7743749999999999,0.021323529411764706,0.03625
740,5,0.8735294117647059,0.66875,0.03676470588235294,0.0625
740,5,0.3761029411764706,0.6693749999999999,0.03308823529411765,0.05625
740,13,0.7959558823529411,0.706875,0.016911764705882352,0.02875
741,10,0.3319852941176471,0.714375,0.019852941176470587,0.03375
741,10,0.725,0.7112499999999999,0.020588235294117647,0.035
742,7,0.2580882352941176,0.72375,0.025,0.0425
742,7,0.71875,0.713125,0.025735294117647058,0.04125
744,13,0.8595588235294117,0.6875,0.020588235294117647,0.035
746,8,0.8514705882352942,0.643125,0.033823529411764704,0.05625
746,8,0.18970588235294117,0.6150000000000001,0.033823529411764704,0.0575
746,10,0.18970588235294117,0.6725000000000001,0.03235294117647059,0.0575
746,10,0.8529411764705883,0.6975,0.03235294117647059,0.0525
747,6,0.2363970588235294,0.641875,0.03455882352941177,0.06125
747,6,0.861764705882353,0.661875,0.03529411764705882,0.05875
749,5,0.23786764705882352,0.7168749999999999,0.03308823529411765,0.05625
749,5,0.8650735294117647,0.711875,0.03455882352941177,0.05875
751,13,0.5441176470588235,0.7274999999999999,0.022058823529411766,0.035
752,1,0.7033088235294118,0.5887500000000001,0.03308823529411765,0.0575
754,38,0.5496323529411764,0.765625,0.028676470588235293,0.04875
755,12,0.8426470588235294,0.445,0.09117647058823529,0.155
755,1,0.6378676470588235,0.666875,0.022794117647058822,0.03875
755,38,0.425,0.7625000000000001,0.022058823529411766,0.0375
756,12,0.6661764705882354,0.68625,0.03676470588235294,0.0625
758,8,0.7338235294117647,0.67125,0.023529411764705882,0.04
758,8,0.286764705882353,0.6637500000000001,0.023529411764705882,0.04
758,10,0.28786764705882356,0.7043750000000001,0.022794117647058822,0.03875
758,10,0.7341911764705882,0.711875,0.02426470588235294,0.04125
760,8,0.44375000000000003,0.688125,0.01838235294117647,0.03125
760,10,0.44375000000000003,0.71875,0.01838235294117647,0.03
760,8,0.7617647058823529,0.694375,0.01911764705882353,0.03375
760,10,0.7617647058823529,0.725,0.01764705882352941,0.03
761,38,0.04779411764705882,0.71125,0.04411764705882353,0.07
762,13,0.2702205882352941,0.51,0.04926470588235294,0.075
762,13,0.8720588235294118,0.54375,0.047058823529411764,0.075
763,11,0.6503676470588234,0.663125,0.028676470588235293,0.04125
764,11,0.6121323529411764,0.66125,0.027205882352941177,0.045
766,15,0.20036764705882354,0.6425000000000001,0.02426470588235294,0.0475
770,41,0.7919117647058823,0.65125,0.026470588235294117,0.045
770,17,0.3547794117647059,0.6868749999999999,0.021323529411764706,0.03625
770,38,0.3974264705882353,0.740625,0.021323529411764706,0.03625
771,18,0.6272058823529412,0.565625,0.025,0.03875
771,13,0.6558823529411765,0.625625,0.03676470588235294,0.05625
771,13,0.13125,0.6993750000000001,0.0375,0.05875
772,18,0.6272058823529412,0.70375,0.016176470588235296,0.025
773,1,0.6551470588235294,0.6575,0.01764705882352941,0.03
773,12,0.7875000000000001,0.56625,0.033823529411764704,0.0575
774,1,0.6948529411764706,0.665,0.023529411764705882,0.04
775,1,0.6669117647058824,0.6325000000000001,0.033823529411764704,0.0575
776,1,0.6448529411764705,0.65125,0.023529411764705882,0.04
776,12,0.8323529411764705,0.46375,0.08235294117647059,0.14
776,38,0.48272058823529407,0.7681250000000001,0.015441176470588236,0.02625
777,1,0.6220588235294118,0.6725,0.01764705882352941,0.03
777,12,0.6974264705882354,0.545625,0.04779411764705882,0.08125
778,39,0.7433823529411765,0.720625,0.03235294117647059,0.05625
779,24,0.3889705882352941,0.636875,0.03529411764705882,0.05625
780,25,0.3055147058823529,0.64125,0.07426470588235294,0.1125
780,3,0.8794117647058823,0.755,0.045588235294117645,0.08
780,25,0.8746323529411765,0.6637500000000001,0.06985294117647059,0.11
780,3,0.30294117647058827,0.7362500000000001,0.047058823529411764,0.08
782,13,0.7569852941176471,0.595,0.03308823529411765,0.0525
782,13,0.18529411764705883,0.5975,0.039705882352941174,0.06
783,38,0.21875,0.73875,0.03161764705882353,0.0575
784,38,0.06727941176470588,0.798125,0.08897058823529412,0.15625
785,34,0.38676470588235295,0.56375,0.023529411764705882,0.04
785,34,0.7492647058823529,0.6062500000000001,0.023529411764705882,0.04
785,13,0.38676470588235295,0.52,0.03235294117647059,0.0475
785,13,0.7485294117647059,0.56125,0.03235294117647059,0.0525
787,11,0.7694852941176471,0.574375,0.06397058823529411,0.09375
787,18,0.28308823529411764,0.755,0.011764705882352941,0.0225
788,18,0.7356617647058824,0.679375,0.06102941176470588,0.10625
789,14,0.5683823529411764,0.663125,0.020588235294117647,0.03625
791,30,0.6863970588235294,0.6175,0.04044117647058824,0.0625
791,4,0.7525735294117647,0.563125,0.05661764705882353,0.09625
794,12,0.7698529411764705,0.668125,0.022058823529411766,0.04125
795,38,0.1411764705882353,0.796875,0.03529411764705882,0.06375
797,37,0.6242647058823529,0.590625,0.025,0.04125
797,34,0.30110294117647063,0.635,0.019852941176470587,0.035
797,13,0.3011029411764706,0.60375,0.027205882352941177,0.0425
797,13,0.6213235294117647,0.54625,0.033823529411764704,0.05
798,2,0.5852941176470587,0.69375,0.014705882352941176,0.025
798,13,0.8279411764705883,0.5962500000000001,0.052941176470588235,0.08
801,38,0.38161764705882356,0.57875,0.023529411764705882,0.0425
802,28,0.47573529411764703,0.28125,0.075,0.11
802,1,0.47536764705882356,0.37687499999999996,0.05367647058823529,0.08625
803,1,0.5904411764705882,0.329375,0.047058823529411764,0.07875
803,9,0.5915441176470588,0.44312500000000005,0.04779411764705882,0.08125
805,28,0.6558823529411765,0.488125,0.03235294117647059,0.05375
806,1,0.6025735294117647,0.524375,0.01838235294117647,0.03125
807,11,0.6213235294117647,0.48625,0.03235294117647059,0.0475
808,38,0.21580882352941178,0.60625,0.03161764705882353,0.055
808,28,0.6106617647058824,0.36875,0.05220588235294118,0.0775
809,14,0.5180147058823529,0.469375,0.022794117647058822,0.04125
810,11,0.48308823529411765,0.44,0.051470588235294115,0.0825
810,18,0.35000000000000003,0.5,0.023529411764705882,0.0375
811,11,0.5290441176470588,0.465625,0.025735294117647058,0.04125
813,33,0.7125,0.364375,0.060294117647058824,0.10375
813,13,0.7113970588235293,0.24812499999999998,0.08014705882352942,0.12875
816,18,0.7205882352941176,0.48312499999999997,0.03823529411764706,0.05875
817,11,0.536029411764706,0.5337500000000001,0.03235294117647059,0.05
818,25,0.5378676470588235,0.553125,0.019852941176470587,0.03125
820,11,0.8183823529411764,0.38125,0.08235294117647059,0.1275
821,5,0.6400735294117647,0.5687500000000001,0.016911764705882352,0.0275
821,5,0.25330882352941175,0.5675,0.016911764705882352,0.03
822,11,0.5893382352941176,0.526875,0.02426470588235294,0.03625
823,13,0.7926470588235294,0.491875,0.023529411764705882,0.03625
823,40,0.7933823529411764,0.52375,0.016176470588235296,0.0275
823,38,0.6025735294117647,0.616875,0.021323529411764706,0.03625
824,15,0.1834558823529412,0.541875,0.025735294117647058,0.04375
825,1,0.8055147058823529,0.48874999999999996,0.01838235294117647,0.0325
827,14,0.6915441176470588,0.579375,0.028676470588235293,0.05375
827,38,0.4077205882352941,0.614375,0.022794117647058822,0.04625
828,18,0.6588235294117647,0.52125,0.052941176470588235,0.0825
829,1,0.41507352941176473,0.513125,0.016911764705882352,0.02875
829,12,0.7786764705882353,0.39125,0.08088235294117647,0.15
831,1,0.73125,0.488125,0.028676470588235293,0.04875
833,1,0.5875,0.44375,0.033823529411764704,0.0575
834,1,0.8518382352941177,0.36812500000000004,0.04191176470588235,0.07625
835,11,0.5727941176470588,0.534375,0.020588235294117647,0.03125
836,13,0.05477941176470588,0.47375,0.025735294117647058,0.04
837,18,0.9055147058823529,0.49375,0.04485294117647059,0.0675
838,2,0.7959558823529411,0.495625,0.021323529411764706,0.03625
838,2,0.3356617647058824,0.540625,0.019852941176470587,0.03375
839,2,0.9238970588235295,0.39937500000000004,0.03308823529411765,0.05625
839,9,0.924264705882353,0.45687500000000003,0.033823529411764704,0.05625
839,2,0.2386029411764706,0.48375,0.03161764705882353,0.055
839,9,0.2400735294117647,0.5393749999999999,0.03161764705882353,0.05625
841,38,0.4470588235294118,0.6212500000000001,0.022058823529411766,0.0375
842,14,0.7761029411764706,0.321875,0.04485294117647059,0.07625
844,12,0.7316176470588235,0.43875,0.026470588235294117,0.0475
845,22,0.7165441176470588,0.53625,0.02426470588235294,0.0375
846,2,0.28786764705882356,0.500625,0.025735294117647058,0.04375
846,2,0.8158088235294118,0.458125,0.027205882352941177,0.04625
848,1,0.7485294117647059,0.34625,0.052941176470588235,0.09
849,14,0.3084558823529412,0.481875,0.03161764705882353,0.06625
849,33,0.3069852941176471,0.536875,0.025735294117647058,0.04375
850,1,0.7272058823529411,0.48625,0.023529411764705882,0.04
851,1,0.8231617647058824,0.424375,0.04044117647058824,0.06875
852,29,0.8213235294117648,0.37875,0.03823529411764706,0.0625
853,40,0.7036764705882352,0.536875,0.020588235294117647,0.03625
853,38,0.5102941176470588,0.61875,0.016176470588235296,0.0275
853,13,0.7011029411764705,0.5,0.027205882352941177,0.0425
854,2,0.8959558823529412,0.36312500000000003,0.05367647058823529,0.09125
855,23,0.8860294117647058,0.423125,0.07941176470588235,0.12125
855,12,0.6863970588235294,0.533125,0.02426470588235294,0.04125
857,14,0.6349264705882353,0.555625,0.016911764705882352,0.02875
857,13,0.8650735294117647,0.381875,0.06985294117647059,0.10875
858,18,0.6066176470588235,0.55875,0.020588235294117647,0.0325
859,28,0.6702205882352941,0.505625,0.028676470588235293,0.04625
860,2,0.8253676470588235,0.234375,0.06691176470588235,0.10875
862,7,0.23786764705882354,0.57875,0.05661764705882353,0.095
863,42,0.32169117647058826,0.538125,0.025735294117647058,0.04375
863,42,0.9113970588235294,0.495,0.025735294117647058,0.045
864,22,0.6768382352941176,0.5656249999999999,0.015441176470588236,0.02375
865,14,0.28345588235294117,0.286875,0.06397058823529411,0.10875
865,38,0.43014705882352944,0.6275000000000001,0.01764705882352941,0.03
866,10,0.7485294117647059,0.515,0.020588235294117647,0.035
867,26,0.10992647058823529,0.56625,0.04485294117647059,0.0725
867,26,0.8352941176470589,0.525625,0.051470588235294115,0.07875
868,26,0.4411764705882353,0.59875,0.014705882352941176,0.0225
868,26,0.6514705882352941,0.574375,0.014705882352941176,0.02375
869,26,0.06948529411764706,0.5499999999999999,0.05073529411764706,0.0875
869,26,0.9349264705882353,0.4425,0.05661764705882353,0.0925
870,5,0.42610294117647063,0.583125,0.015441176470588236,0.02625
870,5,0.7647058823529411,0.56375,0.014705882352941176,0.025
871,5,0.28897058823529415,0.53125,0.026470588235294117,0.045
871,5,0.950735294117647,0.50125,0.029411764705882353,0.05
872,10,0.7011029411764705,0.528125,0.02426470588235294,0.04125
872,10,0.2459558823529412,0.540625,0.02426470588235294,0.04125
874,31,0.930514705882353,0.5231250000000001,0.04779411764705882,0.07875
876,3,0.3518382352941177,0.601875,0.01838235294117647,0.03125
876,3,0.5779411764705882,0.6087499999999999,0.014705882352941176,0.025
879,32,0.23602941176470588,0.69375,0.029411764705882353,0.05
879,32,0.7415441176470587,0.658125,0.030147058823529412,0.05125
881,5,0.8452205882352941,0.724375,0.027205882352941177,0.04625
881,5,0.36433823529411763,0.704375,0.025735294117647058,0.04375
882,5,0.20625,0.7268749999999999,0.05367647058823529,0.08875
884,4,0.6415441176470588,0.6181249999999999,0.025735294117647058,0.04375
884,10,0.6408088235294117,0.660625,0.025735294117647058,0.04125
885,38,0.1775735294117647,0.714375,0.05808823529411765,0.09875
885,17,0.19338235294117648,0.545,0.04852941176470588,0.0825
886,4,0.6077205882352941,0.660625,0.016911764705882352,0.02875
886,10,0.6084558823529411,0.690625,0.01838235294117647,0.03125
887,36,0.6363970588235294,0.670625,0.019852941176470587,0.03375
888,35,0.7470588235294118,0.428125,0.039705882352941174,0.06875
888,12,0.5812499999999999,0.696875,0.016911764705882352,0.02875
889,4,0.5154411764705882,0.6775,0.01764705882352941,0.03
889,12,0.5161764705882352,0.64375,0.022058823529411766,0.0375
891,4,0.5566176470588236,0.7012499999999999,0.014705882352941176,0.025
891,4,0.35514705882352937,0.7074999999999999,0.014705882352941176,0.025
893,12,0.613970588235294,0.62,0.020588235294117647,0.035
894,4,0.2963235294117647,0.6762499999999999,0.020588235294117647,0.035
894,4,0.8180147058823529,0.685625,0.028676470588235293,0.04875
894,12,0.8158088235294119,0.628125,0.03602941176470588,0.06125
895,4,0.15845588235294117,0.630625,0.03308823529411765,0.05625
895,4,0.7279411764705883,0.5525,0.03529411764705882,0.06
896,15,0.6080882352941176,0.5387500000000001,0.027941176470588237,0.0475
897,42,0.6,0.6725,0.01764705882352941,0.03
898,4,0.24926470588235294,0.65,0.023529411764705882,0.04
898,4,0.6124999999999999,0.6575,0.023529411764705882,0.04
899,24,0.65625,0.63625,0.04191176470588235,0.0625
